trade_date,symbol,file_role,file_path,file_exists,file_size,null_byte_ratio,encoding_used,header_valid,raw_row_count,effective_row_count,quality_status,reason_code,action
20260710,600030.SH,trade,C:\level-2-ana\data\20260710\20260710\600030.SH\逐笔成交.csv,true,18528674,0.0,gb18030,true,215006,215006,ok,ok,use_raw
20260710,600030.SH,order,C:\level-2-ana\data\20260710\20260710\600030.SH\逐笔委托.csv,true,16272985,0.0,gb18030,true,248883,248883,ok,ok,use_raw
20260710,600030.SH,quote,C:\level-2-ana\data\20260710\20260710\600030.SH\行情.csv,true,2046862,0.0,gb18030,true,5143,5143,ok,ok,use_raw
20260710,600067.SH,trade,C:\level-2-ana\data\20260710\20260710\600067.SH\逐笔成交.csv,true,1053144,0.0,gb18030,true,12330,12330,ok,ok,use_raw
20260710,600067.SH,order,C:\level-2-ana\data\20260710\20260710\600067.SH\逐笔委托.csv,true,1229385,0.0,gb18030,true,18787,18787,ok,ok,use_raw
20260710,600067.SH,quote,C:\level-2-ana\data\20260710\20260710\600067.SH\行情.csv,true,1665943,0.0,gb18030,true,4345,4345,ok,ok,use_raw
20260710,600110.SH,trade,C:\level-2-ana\data\20260710\20260710\600110.SH\逐笔成交.csv,true,15285718,0.0,gb18030,true,178168,178168,ok,ok,use_raw
20260710,600110.SH,order,C:\level-2-ana\data\20260710\20260710\600110.SH\逐笔委托.csv,true,14578382,0.0,gb18030,true,224942,224942,ok,ok,use_raw
20260710,600110.SH,quote,C:\level-2-ana\data\20260710\20260710\600110.SH\行情.csv,true,2028956,0.0,gb18030,true,5173,5173,ok,ok,use_raw
20260710,600149.SH,trade,C:\level-2-ana\data\20260710\20260710\600149.SH\逐笔成交.csv,true,1162074,0.0,gb18030,true,13625,13625,ok,ok,use_raw
20260710,600149.SH,order,C:\level-2-ana\data\20260710\20260710\600149.SH\逐笔委托.csv,true,1319904,0.0,gb18030,true,20369,20369,ok,ok,use_raw
20260710,600149.SH,quote,C:\level-2-ana\data\20260710\20260710\600149.SH\行情.csv,true,1451438,0.0,gb18030,true,3963,3963,ok,ok,use_raw
20260710,600150.SH,trade,C:\level-2-ana\data\20260710\20260710\600150.SH\逐笔成交.csv,true,25921789,0.0,gb18030,true,301243,301243,ok,ok,use_raw
20260710,600150.SH,order,C:\level-2-ana\data\20260710\20260710\600150.SH\逐笔委托.csv,true,24105682,0.0,gb18030,true,369375,369375,ok,ok,use_raw
20260710,600150.SH,quote,C:\level-2-ana\data\20260710\20260710\600150.SH\行情.csv,true,2002430,0.0,gb18030,true,5216,5216,ok,ok,use_raw
20260710,600172.SH,trade,C:\level-2-ana\data\20260710\20260710\600172.SH\逐笔成交.csv,true,39426318,0.0,gb18030,true,459723,459723,ok,ok,use_raw
20260710,600172.SH,order,C:\level-2-ana\data\20260710\20260710\600172.SH\逐笔委托.csv,true,37650070,0.0,gb18030,true,578732,578732,ok,ok,use_raw
20260710,600172.SH,quote,C:\level-2-ana\data\20260710\20260710\600172.SH\行情.csv,true,2081038,0.0,gb18030,true,5445,5445,ok,ok,use_raw
20260710,600176.SH,trade,C:\level-2-ana\data\20260710\20260710\600176.SH\逐笔成交.csv,true,51487267,0.0,gb18030,true,601466,601466,ok,ok,use_raw
20260710,600176.SH,order,C:\level-2-ana\data\20260710\20260710\600176.SH\逐笔委托.csv,true,51735683,0.0,gb18030,true,803721,803721,ok,ok,use_raw
20260710,600176.SH,quote,C:\level-2-ana\data\20260710\20260710\600176.SH\行情.csv,true,2004047,0.0,gb18030,true,5399,5399,ok,ok,use_raw
20260710,600186.SH,trade,C:\level-2-ana\data\20260710\20260710\600186.SH\逐笔成交.csv,true,15366094,0.0,gb18030,true,178969,178969,ok,ok,use_raw
20260710,600186.SH,order,C:\level-2-ana\data\20260710\20260710\600186.SH\逐笔委托.csv,true,14775724,0.0,gb18030,true,227016,227016,ok,ok,use_raw
20260710,600186.SH,quote,C:\level-2-ana\data\20260710\20260710\600186.SH\行情.csv,true,2068685,0.0,gb18030,true,5238,5238,ok,ok,use_raw
20260710,600192.SH,trade,C:\level-2-ana\data\20260710\20260710\600192.SH\逐笔成交.csv,true,922093,0.0,gb18030,true,10945,10945,ok,ok,use_raw
20260710,600192.SH,order,C:\level-2-ana\data\20260710\20260710\600192.SH\逐笔委托.csv,true,1233523,0.0,gb18030,true,19368,19368,ok,ok,use_raw
20260710,600192.SH,quote,C:\level-2-ana\data\20260710\20260710\600192.SH\行情.csv,true,1413423,0.0,gb18030,true,4304,4304,ok,ok,use_raw
20260710,600195.SH,trade,C:\level-2-ana\data\20260710\20260710\600195.SH\逐笔成交.csv,true,631082,0.0,gb18030,true,7415,7415,ok,ok,use_raw
20260710,600195.SH,order,C:\level-2-ana\data\20260710\20260710\600195.SH\逐笔委托.csv,true,719551,0.0,gb18030,true,11176,11176,ok,ok,use_raw
20260710,600195.SH,quote,C:\level-2-ana\data\20260710\20260710\600195.SH\行情.csv,true,1261180,0.0,gb18030,true,3435,3435,ok,ok,use_raw
20260710,600226.SH,trade,C:\level-2-ana\data\20260710\20260710\600226.SH\逐笔成交.csv,true,13004236,0.0,gb18030,true,153422,153422,ok,ok,use_raw
20260710,600226.SH,order,C:\level-2-ana\data\20260710\20260710\600226.SH\逐笔委托.csv,true,12494224,0.0,gb18030,true,195928,195928,ok,ok,use_raw
20260710,600226.SH,quote,C:\level-2-ana\data\20260710\20260710\600226.SH\行情.csv,true,1939423,0.0,gb18030,true,5134,5134,ok,ok,use_raw
20260710,600236.SH,trade,C:\level-2-ana\data\20260710\20260710\600236.SH\逐笔成交.csv,true,2284755,0.0,gb18030,true,26758,26758,ok,ok,use_raw
20260710,600236.SH,order,C:\level-2-ana\data\20260710\20260710\600236.SH\逐笔委托.csv,true,1531934,0.0,gb18030,true,23668,23668,ok,ok,use_raw
20260710,600236.SH,quote,C:\level-2-ana\data\20260710\20260710\600236.SH\行情.csv,true,1713729,0.0,gb18030,true,4709,4709,ok,ok,use_raw
20260710,600257.SH,trade,C:\level-2-ana\data\20260710\20260710\600257.SH\逐笔成交.csv,true,1289026,0.0,gb18030,true,15145,15145,ok,ok,use_raw
20260710,600257.SH,order,C:\level-2-ana\data\20260710\20260710\600257.SH\逐笔委托.csv,true,1298895,0.0,gb18030,true,20113,20113,ok,ok,use_raw
20260710,600257.SH,quote,C:\level-2-ana\data\20260710\20260710\600257.SH\行情.csv,true,1461714,0.0,gb18030,true,3965,3965,ok,ok,use_raw
20260710,600262.SH,trade,C:\level-2-ana\data\20260710\20260710\600262.SH\逐笔成交.csv,true,722818,0.0,gb18030,true,8413,8413,ok,ok,use_raw
20260710,600262.SH,order,C:\level-2-ana\data\20260710\20260710\600262.SH\逐笔委托.csv,true,966050,0.0,gb18030,true,14728,14728,ok,ok,use_raw
20260710,600262.SH,quote,C:\level-2-ana\data\20260710\20260710\600262.SH\行情.csv,true,1449605,0.0,gb18030,true,3886,3886,ok,ok,use_raw
20260710,600276.SH,trade,C:\level-2-ana\data\20260710\20260710\600276.SH\逐笔成交.csv,true,23991820,0.0,gb18030,true,279703,279703,ok,ok,use_raw
20260710,600276.SH,order,C:\level-2-ana\data\20260710\20260710\600276.SH\逐笔委托.csv,true,26267994,0.0,gb18030,true,406925,406925,ok,ok,use_raw
20260710,600276.SH,quote,C:\level-2-ana\data\20260710\20260710\600276.SH\行情.csv,true,1973939,0.0,gb18030,true,5232,5232,ok,ok,use_raw
20260710,600281.SH,trade,C:\level-2-ana\data\20260710\20260710\600281.SH\逐笔成交.csv,true,986725,0.0,gb18030,true,11604,11604,ok,ok,use_raw
20260710,600281.SH,order,C:\level-2-ana\data\20260710\20260710\600281.SH\逐笔委托.csv,true,1180366,0.0,gb18030,true,18394,18394,ok,ok,use_raw
20260710,600281.SH,quote,C:\level-2-ana\data\20260710\20260710\600281.SH\行情.csv,true,1561985,0.0,gb18030,true,4238,4238,ok,ok,use_raw
20260710,600309.SH,trade,C:\level-2-ana\data\20260710\20260710\600309.SH\逐笔成交.csv,true,10749985,0.0,gb18030,true,125436,125436,ok,ok,use_raw
20260710,600309.SH,order,C:\level-2-ana\data\20260710\20260710\600309.SH\逐笔委托.csv,true,14019343,0.0,gb18030,true,217046,217046,ok,ok,use_raw
20260710,600309.SH,quote,C:\level-2-ana\data\20260710\20260710\600309.SH\行情.csv,true,1899459,0.0,gb18030,true,5107,5107,ok,ok,use_raw
20260710,600353.SH,trade,C:\level-2-ana\data\20260710\20260710\600353.SH\逐笔成交.csv,true,10221040,0.0,gb18030,true,118886,118886,ok,ok,use_raw
20260710,600353.SH,order,C:\level-2-ana\data\20260710\20260710\600353.SH\逐笔委托.csv,true,9607899,0.0,gb18030,true,143936,143936,ok,ok,use_raw
20260710,600353.SH,quote,C:\level-2-ana\data\20260710\20260710\600353.SH\行情.csv,true,1577373,0.0,gb18030,true,5037,5037,ok,ok,use_raw
20260710,600354.SH,trade,C:\level-2-ana\data\20260710\20260710\600354.SH\逐笔成交.csv,true,997775,0.0,gb18030,true,11687,11687,ok,ok,use_raw
20260710,600354.SH,order,C:\level-2-ana\data\20260710\20260710\600354.SH\逐笔委托.csv,true,1161980,0.0,gb18030,true,17925,17925,ok,ok,use_raw
20260710,600354.SH,quote,C:\level-2-ana\data\20260710\20260710\600354.SH\行情.csv,true,1599948,0.0,gb18030,true,4305,4305,ok,ok,use_raw
20260710,600370.SH,trade,C:\level-2-ana\data\20260710\20260710\600370.SH\逐笔成交.csv,true,608303,0.0,gb18030,true,7147,7147,ok,ok,use_raw
20260710,600370.SH,order,C:\level-2-ana\data\20260710\20260710\600370.SH\逐笔委托.csv,true,831567,0.0,gb18030,true,12909,12909,ok,ok,use_raw
20260710,600370.SH,quote,C:\level-2-ana\data\20260710\20260710\600370.SH\行情.csv,true,1681046,0.0,gb18030,true,4344,4344,ok,ok,use_raw
20260710,600376.SH,trade,C:\level-2-ana\data\20260710\20260710\600376.SH\逐笔成交.csv,true,3966476,0.0,gb18030,true,47031,47031,ok,ok,use_raw
20260710,600376.SH,order,C:\level-2-ana\data\20260710\20260710\600376.SH\逐笔委托.csv,true,3878087,0.0,gb18030,true,62450,62450,ok,ok,use_raw
20260710,600376.SH,quote,C:\level-2-ana\data\20260710\20260710\600376.SH\行情.csv,true,1560490,0.0,gb18030,true,4803,4803,ok,ok,use_raw
20260710,600428.SH,trade,C:\level-2-ana\data\20260710\20260710\600428.SH\逐笔成交.csv,true,1285931,0.0,gb18030,true,15745,15745,ok,ok,use_raw
20260710,600428.SH,order,C:\level-2-ana\data\20260710\20260710\600428.SH\逐笔委托.csv,true,1327031,0.0,gb18030,true,21190,21190,ok,ok,use_raw
20260710,600428.SH,quote,C:\level-2-ana\data\20260710\20260710\600428.SH\行情.csv,true,1173272,0.0,gb18030,true,4118,4118,ok,ok,use_raw
20260710,600448.SH,trade,C:\level-2-ana\data\20260710\20260710\600448.SH\逐笔成交.csv,true,1116517,0.0,gb18030,true,13094,13094,ok,ok,use_raw
20260710,600448.SH,order,C:\level-2-ana\data\20260710\20260710\600448.SH\逐笔委托.csv,true,1107055,0.0,gb18030,true,17140,17140,ok,ok,use_raw
20260710,600448.SH,quote,C:\level-2-ana\data\20260710\20260710\600448.SH\行情.csv,true,1540261,0.0,gb18030,true,4069,4069,ok,ok,use_raw
20260710,600456.SH,trade,C:\level-2-ana\data\20260710\20260710\600456.SH\逐笔成交.csv,true,2582505,0.0,gb18030,true,29865,29865,ok,ok,use_raw
20260710,600456.SH,order,C:\level-2-ana\data\20260710\20260710\600456.SH\逐笔委托.csv,true,3248851,0.0,gb18030,true,48658,48658,ok,ok,use_raw
20260710,600456.SH,quote,C:\level-2-ana\data\20260710\20260710\600456.SH\行情.csv,true,1840809,0.0,gb18030,true,4945,4945,ok,ok,use_raw
20260710,600478.SH,trade,C:\level-2-ana\data\20260710\20260710\600478.SH\逐笔成交.csv,true,1744398,0.0,gb18030,true,20423,20423,ok,ok,use_raw
20260710,600478.SH,order,C:\level-2-ana\data\20260710\20260710\600478.SH\逐笔委托.csv,true,1859920,0.0,gb18030,true,28607,28607,ok,ok,use_raw
20260710,600478.SH,quote,C:\level-2-ana\data\20260710\20260710\600478.SH\行情.csv,true,1840945,0.0,gb18030,true,4861,4861,ok,ok,use_raw
20260710,600549.SH,trade,C:\level-2-ana\data\20260710\20260710\600549.SH\逐笔成交.csv,true,17127934,0.0,gb18030,true,199751,199751,ok,ok,use_raw
20260710,600549.SH,order,C:\level-2-ana\data\20260710\20260710\600549.SH\逐笔委托.csv,true,19084491,0.0,gb18030,true,294524,294524,ok,ok,use_raw
20260710,600549.SH,quote,C:\level-2-ana\data\20260710\20260710\600549.SH\行情.csv,true,1891332,0.0,gb18030,true,5094,5094,ok,ok,use_raw
20260710,600552.SH,trade,C:\level-2-ana\data\20260710\20260710\600552.SH\逐笔成交.csv,true,14489987,0.0,gb18030,true,169468,169468,ok,ok,use_raw
20260710,600552.SH,order,C:\level-2-ana\data\20260710\20260710\600552.SH\逐笔委托.csv,true,13434906,0.0,gb18030,true,208707,208707,ok,ok,use_raw
20260710,600552.SH,quote,C:\level-2-ana\data\20260710\20260710\600552.SH\行情.csv,true,1976663,0.0,gb18030,true,5175,5175,ok,ok,use_raw
20260710,600590.SH,trade,C:\level-2-ana\data\20260710\20260710\600590.SH\逐笔成交.csv,true,4063081,0.0,gb18030,true,47726,47726,ok,ok,use_raw
20260710,600590.SH,order,C:\level-2-ana\data\20260710\20260710\600590.SH\逐笔委托.csv,true,4258195,0.0,gb18030,true,65650,65650,ok,ok,use_raw
20260710,600590.SH,quote,C:\level-2-ana\data\20260710\20260710\600590.SH\行情.csv,true,1817547,0.0,gb18030,true,4954,4954,ok,ok,use_raw
20260710,600602.SH,trade,C:\level-2-ana\data\20260710\20260710\600602.SH\逐笔成交.csv,true,7454747,0.0,gb18030,true,87228,87228,ok,ok,use_raw
20260710,600602.SH,order,C:\level-2-ana\data\20260710\20260710\600602.SH\逐笔委托.csv,true,7502784,0.0,gb18030,true,116888,116888,ok,ok,use_raw
20260710,600602.SH,quote,C:\level-2-ana\data\20260710\20260710\600602.SH\行情.csv,true,1969552,0.0,gb18030,true,5135,5135,ok,ok,use_raw
20260710,600664.SH,trade,C:\level-2-ana\data\20260710\20260710\600664.SH\逐笔成交.csv,true,1286659,0.0,gb18030,true,15624,15624,ok,ok,use_raw
20260710,600664.SH,order,C:\level-2-ana\data\20260710\20260710\600664.SH\逐笔委托.csv,true,1821765,0.0,gb18030,true,28968,28968,ok,ok,use_raw
20260710,600664.SH,quote,C:\level-2-ana\data\20260710\20260710\600664.SH\行情.csv,true,1390086,0.0,gb18030,true,4748,4748,ok,ok,use_raw
20260710,600706.SH,trade,C:\level-2-ana\data\20260710\20260710\600706.SH\逐笔成交.csv,true,1251931,0.0,gb18030,true,14723,14723,ok,ok,use_raw
20260710,600706.SH,order,C:\level-2-ana\data\20260710\20260710\600706.SH\逐笔委托.csv,true,1365310,0.0,gb18030,true,21393,21393,ok,ok,use_raw
20260710,600706.SH,quote,C:\level-2-ana\data\20260710\20260710\600706.SH\行情.csv,true,1460431,0.0,gb18030,true,4093,4093,ok,ok,use_raw
20260710,600782.SH,trade,C:\level-2-ana\data\20260710\20260710\600782.SH\逐笔成交.csv,true,1888161,0.0,gb18030,true,22059,22059,ok,ok,use_raw
20260710,600782.SH,order,C:\level-2-ana\data\20260710\20260710\600782.SH\逐笔委托.csv,true,2064197,0.0,gb18030,true,31940,31940,ok,ok,use_raw
20260710,600782.SH,quote,C:\level-2-ana\data\20260710\20260710\600782.SH\行情.csv,true,1838501,0.0,gb18030,true,4674,4674,ok,ok,use_raw
20260710,600796.SH,trade,C:\level-2-ana\data\20260710\20260710\600796.SH\逐笔成交.csv,true,750901,0.0,gb18030,true,8871,8871,ok,ok,use_raw
20260710,600796.SH,order,C:\level-2-ana\data\20260710\20260710\600796.SH\逐笔委托.csv,true,848165,0.0,gb18030,true,13187,13187,ok,ok,use_raw
20260710,600796.SH,quote,C:\level-2-ana\data\20260710\20260710\600796.SH\行情.csv,true,1306892,0.0,gb18030,true,3581,3581,ok,ok,use_raw
20260710,600797.SH,trade,C:\level-2-ana\data\20260710\20260710\600797.SH\逐笔成交.csv,true,3080775,0.0,gb18030,true,36195,36195,ok,ok,use_raw
20260710,600797.SH,order,C:\level-2-ana\data\20260710\20260710\600797.SH\逐笔委托.csv,true,3650081,0.0,gb18030,true,57122,57122,ok,ok,use_raw
20260710,600797.SH,quote,C:\level-2-ana\data\20260710\20260710\600797.SH\行情.csv,true,1819163,0.0,gb18030,true,4860,4860,ok,ok,use_raw
20260710,600803.SH,trade,C:\level-2-ana\data\20260710\20260710\600803.SH\逐笔成交.csv,true,1756337,0.0,gb18030,true,20585,20585,ok,ok,use_raw
20260710,600803.SH,order,C:\level-2-ana\data\20260710\20260710\600803.SH\逐笔委托.csv,true,1955331,0.0,gb18030,true,30185,30185,ok,ok,use_raw
20260710,600803.SH,quote,C:\level-2-ana\data\20260710\20260710\600803.SH\行情.csv,true,1699711,0.0,gb18030,true,4532,4532,ok,ok,use_raw
20260710,600821.SH,trade,C:\level-2-ana\data\20260710\20260710\600821.SH\逐笔成交.csv,true,3901322,0.0,gb18030,true,45995,45995,ok,ok,use_raw
20260710,600821.SH,order,C:\level-2-ana\data\20260710\20260710\600821.SH\逐笔委托.csv,true,3852032,0.0,gb18030,true,61721,61721,ok,ok,use_raw
20260710,600821.SH,quote,C:\level-2-ana\data\20260710\20260710\600821.SH\行情.csv,true,1540362,0.0,gb18030,true,4974,4974,ok,ok,use_raw
20260710,600908.SH,trade,C:\level-2-ana\data\20260710\20260710\600908.SH\逐笔成交.csv,true,885481,0.0,gb18030,true,10420,10420,ok,ok,use_raw
20260710,600908.SH,order,C:\level-2-ana\data\20260710\20260710\600908.SH\逐笔委托.csv,true,1034454,0.0,gb18030,true,15959,15959,ok,ok,use_raw
20260710,600908.SH,quote,C:\level-2-ana\data\20260710\20260710\600908.SH\行情.csv,true,1628314,0.0,gb18030,true,4290,4290,ok,ok,use_raw
20260710,600935.SH,trade,C:\level-2-ana\data\20260710\20260710\600935.SH\逐笔成交.csv,true,318746,0.0,gb18030,true,3749,3749,ok,ok,use_raw
20260710,600935.SH,order,C:\level-2-ana\data\20260710\20260710\600935.SH\逐笔委托.csv,true,614140,0.0,gb18030,true,9479,9479,ok,ok,use_raw
20260710,600935.SH,quote,C:\level-2-ana\data\20260710\20260710\600935.SH\行情.csv,true,1479093,0.0,gb18030,true,3793,3793,ok,ok,use_raw
20260710,600960.SH,trade,C:\level-2-ana\data\20260710\20260710\600960.SH\逐笔成交.csv,true,744533,0.0,gb18030,true,8727,8727,ok,ok,use_raw
20260710,600960.SH,order,C:\level-2-ana\data\20260710\20260710\600960.SH\逐笔委托.csv,true,989738,0.0,gb18030,true,15296,15296,ok,ok,use_raw
20260710,600960.SH,quote,C:\level-2-ana\data\20260710\20260710\600960.SH\行情.csv,true,1551805,0.0,gb18030,true,4171,4171,ok,ok,use_raw
20260710,600963.SH,trade,C:\level-2-ana\data\20260710\20260710\600963.SH\逐笔成交.csv,true,4093827,0.0,gb18030,true,47968,47968,ok,ok,use_raw
20260710,600963.SH,order,C:\level-2-ana\data\20260710\20260710\600963.SH\逐笔委托.csv,true,3586452,0.0,gb18030,true,55442,55442,ok,ok,use_raw
20260710,600963.SH,quote,C:\level-2-ana\data\20260710\20260710\600963.SH\行情.csv,true,1905844,0.0,gb18030,true,4942,4942,ok,ok,use_raw
20260710,600969.SH,trade,C:\level-2-ana\data\20260710\20260710\600969.SH\逐笔成交.csv,true,742340,0.0,gb18030,true,8750,8750,ok,ok,use_raw
20260710,600969.SH,order,C:\level-2-ana\data\20260710\20260710\600969.SH\逐笔委托.csv,true,875499,0.0,gb18030,true,13581,13581,ok,ok,use_raw
20260710,600969.SH,quote,C:\level-2-ana\data\20260710\20260710\600969.SH\行情.csv,true,1347635,0.0,gb18030,true,3751,3751,ok,ok,use_raw
20260710,601065.SH,trade,C:\level-2-ana\data\20260710\20260710\601065.SH\逐笔成交.csv,true,299747,0.0,gb18030,true,3521,3521,ok,ok,use_raw
20260710,601065.SH,order,C:\level-2-ana\data\20260710\20260710\601065.SH\逐笔委托.csv,true,377218,0.0,gb18030,true,5853,5853,ok,ok,use_raw
20260710,601065.SH,quote,C:\level-2-ana\data\20260710\20260710\601065.SH\行情.csv,true,972473,0.0,gb18030,true,2698,2698,ok,ok,use_raw
20260710,601083.SH,trade,C:\level-2-ana\data\20260710\20260710\601083.SH\逐笔成交.csv,true,637566,0.0,gb18030,true,7418,7418,ok,ok,use_raw
20260710,601083.SH,order,C:\level-2-ana\data\20260710\20260710\601083.SH\逐笔委托.csv,true,741472,0.0,gb18030,true,11324,11324,ok,ok,use_raw
20260710,601083.SH,quote,C:\level-2-ana\data\20260710\20260710\601083.SH\行情.csv,true,1516051,0.0,gb18030,true,3944,3944,ok,ok,use_raw
20260710,601211.SH,trade,C:\level-2-ana\data\20260710\20260710\601211.SH\逐笔成交.csv,true,12582392,0.0,gb18030,true,146113,146113,ok,ok,use_raw
20260710,601211.SH,order,C:\level-2-ana\data\20260710\20260710\601211.SH\逐笔委托.csv,true,11047339,0.0,gb18030,true,169773,169773,ok,ok,use_raw
20260710,601211.SH,quote,C:\level-2-ana\data\20260710\20260710\601211.SH\行情.csv,true,2029805,0.0,gb18030,true,5107,5107,ok,ok,use_raw
20260710,601218.SH,trade,C:\level-2-ana\data\20260710\20260710\601218.SH\逐笔成交.csv,true,1822631,0.0,gb18030,true,21440,21440,ok,ok,use_raw
20260710,601218.SH,order,C:\level-2-ana\data\20260710\20260710\601218.SH\逐笔委托.csv,true,2203898,0.0,gb18030,true,33834,33834,ok,ok,use_raw
20260710,601218.SH,quote,C:\level-2-ana\data\20260710\20260710\601218.SH\行情.csv,true,1810241,0.0,gb18030,true,4752,4752,ok,ok,use_raw
20260710,601222.SH,trade,C:\level-2-ana\data\20260710\20260710\601222.SH\逐笔成交.csv,true,1030356,0.0,gb18030,true,12110,12110,ok,ok,use_raw
20260710,601222.SH,order,C:\level-2-ana\data\20260710\20260710\601222.SH\逐笔委托.csv,true,1115380,0.0,gb18030,true,17359,17359,ok,ok,use_raw
20260710,601222.SH,quote,C:\level-2-ana\data\20260710\20260710\601222.SH\行情.csv,true,1765140,0.0,gb18030,true,4630,4630,ok,ok,use_raw
20260710,601636.SH,trade,C:\level-2-ana\data\20260710\20260710\601636.SH\逐笔成交.csv,true,11118292,0.0,gb18030,true,131451,131451,ok,ok,use_raw
20260710,601636.SH,order,C:\level-2-ana\data\20260710\20260710\601636.SH\逐笔委托.csv,true,10259372,0.0,gb18030,true,161357,161357,ok,ok,use_raw
20260710,601636.SH,quote,C:\level-2-ana\data\20260710\20260710\601636.SH\行情.csv,true,1933518,0.0,gb18030,true,5128,5128,ok,ok,use_raw
20260710,601778.SH,trade,C:\level-2-ana\data\20260710\20260710\601778.SH\逐笔成交.csv,true,7420298,0.0,gb18030,true,86816,86816,ok,ok,use_raw
20260710,601778.SH,order,C:\level-2-ana\data\20260710\20260710\601778.SH\逐笔委托.csv,true,8162558,0.0,gb18030,true,126054,126054,ok,ok,use_raw
20260710,601778.SH,quote,C:\level-2-ana\data\20260710\20260710\601778.SH\行情.csv,true,1973077,0.0,gb18030,true,5059,5059,ok,ok,use_raw
20260710,601868.SH,trade,C:\level-2-ana\data\20260710\20260710\601868.SH\逐笔成交.csv,true,5112952,0.0,gb18030,true,59705,59705,ok,ok,use_raw
20260710,601868.SH,order,C:\level-2-ana\data\20260710\20260710\601868.SH\逐笔委托.csv,true,9686613,0.0,gb18030,true,148734,148734,ok,ok,use_raw
20260710,601868.SH,quote,C:\level-2-ana\data\20260710\20260710\601868.SH\行情.csv,true,2125322,0.0,gb18030,true,5163,5163,ok,ok,use_raw
20260710,603008.SH,trade,C:\level-2-ana\data\20260710\20260710\603008.SH\逐笔成交.csv,true,226040,0.0,gb18030,true,2647,2647,ok,ok,use_raw
20260710,603008.SH,order,C:\level-2-ana\data\20260710\20260710\603008.SH\逐笔委托.csv,true,309555,0.0,gb18030,true,4798,4798,ok,ok,use_raw
20260710,603008.SH,quote,C:\level-2-ana\data\20260710\20260710\603008.SH\行情.csv,true,1000591,0.0,gb18030,true,2795,2795,ok,ok,use_raw
20260710,603011.SH,trade,C:\level-2-ana\data\20260710\20260710\603011.SH\逐笔成交.csv,true,7218331,0.0,gb18030,true,84181,84181,ok,ok,use_raw
20260710,603011.SH,order,C:\level-2-ana\data\20260710\20260710\603011.SH\逐笔委托.csv,true,8246428,0.0,gb18030,true,126352,126352,ok,ok,use_raw
20260710,603011.SH,quote,C:\level-2-ana\data\20260710\20260710\603011.SH\行情.csv,true,1870275,0.0,gb18030,true,5001,5001,ok,ok,use_raw
20260710,603021.SH,trade,C:\level-2-ana\data\20260710\20260710\603021.SH\逐笔成交.csv,true,147917,0.0,gb18030,true,1741,1741,ok,ok,use_raw
20260710,603021.SH,order,C:\level-2-ana\data\20260710\20260710\603021.SH\逐笔委托.csv,true,229458,0.0,gb18030,true,3584,3584,ok,ok,use_raw
20260710,603021.SH,quote,C:\level-2-ana\data\20260710\20260710\603021.SH\行情.csv,true,789255,0.0,gb18030,true,2187,2187,ok,ok,use_raw
20260710,603027.SH,trade,C:\level-2-ana\data\20260710\20260710\603027.SH\逐笔成交.csv,true,1625729,0.0,gb18030,true,19107,19107,ok,ok,use_raw
20260710,603027.SH,order,C:\level-2-ana\data\20260710\20260710\603027.SH\逐笔委托.csv,true,1696758,0.0,gb18030,true,26434,26434,ok,ok,use_raw
20260710,603027.SH,quote,C:\level-2-ana\data\20260710\20260710\603027.SH\行情.csv,true,1727148,0.0,gb18030,true,4673,4673,ok,ok,use_raw
20260710,603028.SH,trade,C:\level-2-ana\data\20260710\20260710\603028.SH\逐笔成交.csv,true,665455,0.0,gb18030,true,7824,7824,ok,ok,use_raw
20260710,603028.SH,order,C:\level-2-ana\data\20260710\20260710\603028.SH\逐笔委托.csv,true,781068,0.0,gb18030,true,12096,12096,ok,ok,use_raw
20260710,603028.SH,quote,C:\level-2-ana\data\20260710\20260710\603028.SH\行情.csv,true,1280803,0.0,gb18030,true,3636,3636,ok,ok,use_raw
20260710,603057.SH,trade,C:\level-2-ana\data\20260710\20260710\603057.SH\逐笔成交.csv,true,639106,0.0,gb18030,true,7477,7477,ok,ok,use_raw
20260710,603057.SH,order,C:\level-2-ana\data\20260710\20260710\603057.SH\逐笔委托.csv,true,1051330,0.0,gb18030,true,16206,16206,ok,ok,use_raw
20260710,603057.SH,quote,C:\level-2-ana\data\20260710\20260710\603057.SH\行情.csv,true,1320072,0.0,gb18030,true,3642,3642,ok,ok,use_raw
20260710,603060.SH,trade,C:\level-2-ana\data\20260710\20260710\603060.SH\逐笔成交.csv,true,496045,0.0,gb18030,true,5818,5818,ok,ok,use_raw
20260710,603060.SH,order,C:\level-2-ana\data\20260710\20260710\603060.SH\逐笔委托.csv,true,649246,0.0,gb18030,true,10040,10040,ok,ok,use_raw
20260710,603060.SH,quote,C:\level-2-ana\data\20260710\20260710\603060.SH\行情.csv,true,1276003,0.0,gb18030,true,3506,3506,ok,ok,use_raw
20260710,603091.SH,trade,C:\level-2-ana\data\20260710\20260710\603091.SH\逐笔成交.csv,true,255902,0.0,gb18030,true,2980,2980,ok,ok,use_raw
20260710,603091.SH,order,C:\level-2-ana\data\20260710\20260710\603091.SH\逐笔委托.csv,true,519578,0.0,gb18030,true,7942,7942,ok,ok,use_raw
20260710,603091.SH,quote,C:\level-2-ana\data\20260710\20260710\603091.SH\行情.csv,true,969040,0.0,gb18030,true,2670,2670,ok,ok,use_raw
20260710,603100.SH,trade,C:\level-2-ana\data\20260710\20260710\603100.SH\逐笔成交.csv,true,1067918,0.0,gb18030,true,12377,12377,ok,ok,use_raw
20260710,603100.SH,order,C:\level-2-ana\data\20260710\20260710\603100.SH\逐笔委托.csv,true,1398115,0.0,gb18030,true,21095,21095,ok,ok,use_raw
20260710,603100.SH,quote,C:\level-2-ana\data\20260710\20260710\603100.SH\行情.csv,true,1624574,0.0,gb18030,true,4347,4347,ok,ok,use_raw
20260710,603113.SH,trade,C:\level-2-ana\data\20260710\20260710\603113.SH\逐笔成交.csv,true,1032764,0.0,gb18030,true,12114,12114,ok,ok,use_raw
20260710,603113.SH,order,C:\level-2-ana\data\20260710\20260710\603113.SH\逐笔委托.csv,true,1271056,0.0,gb18030,true,19704,19704,ok,ok,use_raw
20260710,603113.SH,quote,C:\level-2-ana\data\20260710\20260710\603113.SH\行情.csv,true,1564553,0.0,gb18030,true,4191,4191,ok,ok,use_raw
20260710,603155.SH,trade,C:\level-2-ana\data\20260710\20260710\603155.SH\逐笔成交.csv,true,1447975,0.0,gb18030,true,17464,17464,ok,ok,use_raw
20260710,603155.SH,order,C:\level-2-ana\data\20260710\20260710\603155.SH\逐笔委托.csv,true,1574995,0.0,gb18030,true,25177,25177,ok,ok,use_raw
20260710,603155.SH,quote,C:\level-2-ana\data\20260710\20260710\603155.SH\行情.csv,true,1065288,0.0,gb18030,true,3666,3666,ok,ok,use_raw
20260710,603236.SH,trade,C:\level-2-ana\data\20260710\20260710\603236.SH\逐笔成交.csv,true,3429058,0.0,gb18030,true,39983,39983,ok,ok,use_raw
20260710,603236.SH,order,C:\level-2-ana\data\20260710\20260710\603236.SH\逐笔委托.csv,true,4147583,0.0,gb18030,true,65919,65919,ok,ok,use_raw
20260710,603236.SH,quote,C:\level-2-ana\data\20260710\20260710\603236.SH\行情.csv,true,1537486,0.0,gb18030,true,4695,4695,ok,ok,use_raw
20260710,603315.SH,trade,C:\level-2-ana\data\20260710\20260710\603315.SH\逐笔成交.csv,true,893096,0.0,gb18030,true,10399,10399,ok,ok,use_raw
20260710,603315.SH,order,C:\level-2-ana\data\20260710\20260710\603315.SH\逐笔委托.csv,true,978009,0.0,gb18030,true,14928,14928,ok,ok,use_raw
20260710,603315.SH,quote,C:\level-2-ana\data\20260710\20260710\603315.SH\行情.csv,true,1462567,0.0,gb18030,true,3865,3865,ok,ok,use_raw
20260710,603328.SH,trade,C:\level-2-ana\data\20260710\20260710\603328.SH\逐笔成交.csv,true,1943885,0.0,gb18030,true,22674,22674,ok,ok,use_raw
20260710,603328.SH,order,C:\level-2-ana\data\20260710\20260710\603328.SH\逐笔委托.csv,true,2021922,0.0,gb18030,true,31095,31095,ok,ok,use_raw
20260710,603328.SH,quote,C:\level-2-ana\data\20260710\20260710\603328.SH\行情.csv,true,1931157,0.0,gb18030,true,4946,4946,ok,ok,use_raw
20260710,603435.SH,trade,C:\level-2-ana\data\20260710\20260710\603435.SH\逐笔成交.csv,true,1149040,0.0,gb18030,true,13563,13563,ok,ok,use_raw
20260710,603435.SH,order,C:\level-2-ana\data\20260710\20260710\603435.SH\逐笔委托.csv,true,1678630,0.0,gb18030,true,26180,26180,ok,ok,use_raw
20260710,603435.SH,quote,C:\level-2-ana\data\20260710\20260710\603435.SH\行情.csv,true,1651907,0.0,gb18030,true,4595,4595,ok,ok,use_raw
20260710,603459.SH,trade,C:\level-2-ana\data\20260710\20260710\603459.SH\逐笔成交.csv,true,6379920,0.0,gb18030,true,75131,75131,ok,ok,use_raw
20260710,603459.SH,order,C:\level-2-ana\data\20260710\20260710\603459.SH\逐笔委托.csv,true,8135966,0.0,gb18030,true,126501,126501,ok,ok,use_raw
20260710,603459.SH,quote,C:\level-2-ana\data\20260710\20260710\603459.SH\行情.csv,true,1852334,0.0,gb18030,true,5100,5100,ok,ok,use_raw
20260710,603489.SH,trade,C:\level-2-ana\data\20260710\20260710\603489.SH\逐笔成交.csv,true,683978,0.0,gb18030,true,7981,7981,ok,ok,use_raw
20260710,603489.SH,order,C:\level-2-ana\data\20260710\20260710\603489.SH\逐笔委托.csv,true,1061061,0.0,gb18030,true,16327,16327,ok,ok,use_raw
20260710,603489.SH,quote,C:\level-2-ana\data\20260710\20260710\603489.SH\行情.csv,true,1384099,0.0,gb18030,true,3784,3784,ok,ok,use_raw
20260710,603517.SH,trade,C:\level-2-ana\data\20260710\20260710\603517.SH\逐笔成交.csv,true,341212,0.0,gb18030,true,3977,3977,ok,ok,use_raw
20260710,603517.SH,order,C:\level-2-ana\data\20260710\20260710\603517.SH\逐笔委托.csv,true,500751,0.0,gb18030,true,7684,7684,ok,ok,use_raw
20260710,603517.SH,quote,C:\level-2-ana\data\20260710\20260710\603517.SH\行情.csv,true,1290555,0.0,gb18030,true,3531,3531,ok,ok,use_raw
20260710,603578.SH,trade,C:\level-2-ana\data\20260710\20260710\603578.SH\逐笔成交.csv,true,390632,0.0,gb18030,true,4680,4680,ok,ok,use_raw
20260710,603578.SH,order,C:\level-2-ana\data\20260710\20260710\603578.SH\逐笔委托.csv,true,617740,0.0,gb18030,true,9831,9831,ok,ok,use_raw
20260710,603578.SH,quote,C:\level-2-ana\data\20260710\20260710\603578.SH\行情.csv,true,673798,0.0,gb18030,true,2149,2149,ok,ok,use_raw
20260710,603612.SH,trade,C:\level-2-ana\data\20260710\20260710\603612.SH\逐笔成交.csv,true,2247163,0.0,gb18030,true,26100,26100,ok,ok,use_raw
20260710,603612.SH,order,C:\level-2-ana\data\20260710\20260710\603612.SH\逐笔委托.csv,true,2574514,0.0,gb18030,true,39401,39401,ok,ok,use_raw
20260710,603612.SH,quote,C:\level-2-ana\data\20260710\20260710\603612.SH\行情.csv,true,1827829,0.0,gb18030,true,4781,4781,ok,ok,use_raw
20260710,603683.SH,trade,C:\level-2-ana\data\20260710\20260710\603683.SH\逐笔成交.csv,true,1623314,0.0,gb18030,true,18864,18864,ok,ok,use_raw
20260710,603683.SH,order,C:\level-2-ana\data\20260710\20260710\603683.SH\逐笔委托.csv,true,1967796,0.0,gb18030,true,30053,30053,ok,ok,use_raw
20260710,603683.SH,quote,C:\level-2-ana\data\20260710\20260710\603683.SH\行情.csv,true,1734371,0.0,gb18030,true,4654,4654,ok,ok,use_raw
20260710,603686.SH,trade,C:\level-2-ana\data\20260710\20260710\603686.SH\逐笔成交.csv,true,2695400,0.0,gb18030,true,31258,31258,ok,ok,use_raw
20260710,603686.SH,order,C:\level-2-ana\data\20260710\20260710\603686.SH\逐笔委托.csv,true,2972475,0.0,gb18030,true,45398,45398,ok,ok,use_raw
20260710,603686.SH,quote,C:\level-2-ana\data\20260710\20260710\603686.SH\行情.csv,true,1888811,0.0,gb18030,true,4918,4918,ok,ok,use_raw
20260710,603726.SH,trade,C:\level-2-ana\data\20260710\20260710\603726.SH\逐笔成交.csv,true,3899608,0.0,gb18030,true,45875,45875,ok,ok,use_raw
20260710,603726.SH,order,C:\level-2-ana\data\20260710\20260710\603726.SH\逐笔委托.csv,true,4044080,0.0,gb18030,true,63243,63243,ok,ok,use_raw
20260710,603726.SH,quote,C:\level-2-ana\data\20260710\20260710\603726.SH\行情.csv,true,1840675,0.0,gb18030,true,4999,4999,ok,ok,use_raw
20260710,603776.SH,trade,C:\level-2-ana\data\20260710\20260710\603776.SH\逐笔成交.csv,true,406450,0.0,gb18030,true,4710,4710,ok,ok,use_raw
20260710,603776.SH,order,C:\level-2-ana\data\20260710\20260710\603776.SH\逐笔委托.csv,true,599122,0.0,gb18030,true,9045,9045,ok,ok,use_raw
20260710,603776.SH,quote,C:\level-2-ana\data\20260710\20260710\603776.SH\行情.csv,true,1139898,0.0,gb18030,true,3110,3110,ok,ok,use_raw
20260710,603893.SH,trade,C:\level-2-ana\data\20260710\20260710\603893.SH\逐笔成交.csv,true,11699768,0.0,gb18030,true,135421,135421,ok,ok,use_raw
20260710,603893.SH,order,C:\level-2-ana\data\20260710\20260710\603893.SH\逐笔委托.csv,true,14841454,0.0,gb18030,true,226983,226983,ok,ok,use_raw
20260710,603893.SH,quote,C:\level-2-ana\data\20260710\20260710\603893.SH\行情.csv,true,1979722,0.0,gb18030,true,5137,5137,ok,ok,use_raw
20260710,603895.SH,trade,C:\level-2-ana\data\20260710\20260710\603895.SH\逐笔成交.csv,true,544438,0.0,gb18030,true,6334,6334,ok,ok,use_raw
20260710,603895.SH,order,C:\level-2-ana\data\20260710\20260710\603895.SH\逐笔委托.csv,true,1001689,0.0,gb18030,true,15276,15276,ok,ok,use_raw
20260710,603895.SH,quote,C:\level-2-ana\data\20260710\20260710\603895.SH\行情.csv,true,1265480,0.0,gb18030,true,3481,3481,ok,ok,use_raw
20260710,603900.SH,trade,C:\level-2-ana\data\20260710\20260710\603900.SH\逐笔成交.csv,true,1192758,0.0,gb18030,true,14024,14024,ok,ok,use_raw
20260710,603900.SH,order,C:\level-2-ana\data\20260710\20260710\603900.SH\逐笔委托.csv,true,1211300,0.0,gb18030,true,18882,18882,ok,ok,use_raw
20260710,603900.SH,quote,C:\level-2-ana\data\20260710\20260710\603900.SH\行情.csv,true,1524712,0.0,gb18030,true,4212,4212,ok,ok,use_raw
20260710,605028.SH,trade,C:\level-2-ana\data\20260710\20260710\605028.SH\逐笔成交.csv,true,307954,0.0,gb18030,true,3593,3593,ok,ok,use_raw
20260710,605028.SH,order,C:\level-2-ana\data\20260710\20260710\605028.SH\逐笔委托.csv,true,565048,0.0,gb18030,true,8690,8690,ok,ok,use_raw
20260710,605028.SH,quote,C:\level-2-ana\data\20260710\20260710\605028.SH\行情.csv,true,1024557,0.0,gb18030,true,2839,2839,ok,ok,use_raw
20260710,605066.SH,trade,C:\level-2-ana\data\20260710\20260710\605066.SH\逐笔成交.csv,true,597205,0.0,gb18030,true,7013,7013,ok,ok,use_raw
20260710,605066.SH,order,C:\level-2-ana\data\20260710\20260710\605066.SH\逐笔委托.csv,true,761857,0.0,gb18030,true,11751,11751,ok,ok,use_raw
20260710,605066.SH,quote,C:\level-2-ana\data\20260710\20260710\605066.SH\行情.csv,true,1402909,0.0,gb18030,true,3830,3830,ok,ok,use_raw
20260710,605155.SH,trade,C:\level-2-ana\data\20260710\20260710\605155.SH\逐笔成交.csv,true,373773,0.0,gb18030,true,4339,4339,ok,ok,use_raw
20260710,605155.SH,order,C:\level-2-ana\data\20260710\20260710\605155.SH\逐笔委托.csv,true,667379,0.0,gb18030,true,10144,10144,ok,ok,use_raw
20260710,605155.SH,quote,C:\level-2-ana\data\20260710\20260710\605155.SH\行情.csv,true,1080994,0.0,gb18030,true,2927,2927,ok,ok,use_raw
20260710,605196.SH,trade,C:\level-2-ana\data\20260710\20260710\605196.SH\逐笔成交.csv,true,5072582,0.0,gb18030,true,59028,59028,ok,ok,use_raw
20260710,605196.SH,order,C:\level-2-ana\data\20260710\20260710\605196.SH\逐笔委托.csv,true,6161269,0.0,gb18030,true,94505,94505,ok,ok,use_raw
20260710,605196.SH,quote,C:\level-2-ana\data\20260710\20260710\605196.SH\行情.csv,true,1840413,0.0,gb18030,true,4978,4978,ok,ok,use_raw
20260710,605305.SH,trade,C:\level-2-ana\data\20260710\20260710\605305.SH\逐笔成交.csv,true,1466360,0.0,gb18030,true,17031,17031,ok,ok,use_raw
20260710,605305.SH,order,C:\level-2-ana\data\20260710\20260710\605305.SH\逐笔委托.csv,true,2327195,0.0,gb18030,true,35335,35335,ok,ok,use_raw
20260710,605305.SH,quote,C:\level-2-ana\data\20260710\20260710\605305.SH\行情.csv,true,1726092,0.0,gb18030,true,4754,4754,ok,ok,use_raw
20260710,605358.SH,trade,C:\level-2-ana\data\20260710\20260710\605358.SH\逐笔成交.csv,true,20248863,0.0,gb18030,true,236859,236859,ok,ok,use_raw
20260710,605358.SH,order,C:\level-2-ana\data\20260710\20260710\605358.SH\逐笔委托.csv,true,21155331,0.0,gb18030,true,328860,328860,ok,ok,use_raw
20260710,605358.SH,quote,C:\level-2-ana\data\20260710\20260710\605358.SH\行情.csv,true,1908252,0.0,gb18030,true,5193,5193,ok,ok,use_raw
20260710,688008.SH,trade,C:\level-2-ana\data\20260710\20260710\688008.SH\逐笔成交.csv,true,21630673,0.0,gb18030,true,251655,251655,ok,ok,use_raw
20260710,688008.SH,order,C:\level-2-ana\data\20260710\20260710\688008.SH\逐笔委托.csv,true,30179729,0.0,gb18030,true,457180,457180,ok,ok,use_raw
20260710,688008.SH,quote,C:\level-2-ana\data\20260710\20260710\688008.SH\行情.csv,true,2035836,0.0,gb18030,true,5260,5260,ok,ok,use_raw
20260710,688009.SH,trade,C:\level-2-ana\data\20260710\20260710\688009.SH\逐笔成交.csv,true,1437926,0.0,gb18030,true,16847,16847,ok,ok,use_raw
20260710,688009.SH,order,C:\level-2-ana\data\20260710\20260710\688009.SH\逐笔委托.csv,true,2328755,0.0,gb18030,true,35638,35638,ok,ok,use_raw
20260710,688009.SH,quote,C:\level-2-ana\data\20260710\20260710\688009.SH\行情.csv,true,1909829,0.0,gb18030,true,4911,4911,ok,ok,use_raw
20260710,688028.SH,trade,C:\level-2-ana\data\20260710\20260710\688028.SH\逐笔成交.csv,true,1671658,0.0,gb18030,true,19342,19342,ok,ok,use_raw
20260710,688028.SH,order,C:\level-2-ana\data\20260710\20260710\688028.SH\逐笔委托.csv,true,2812279,0.0,gb18030,true,42843,42843,ok,ok,use_raw
20260710,688028.SH,quote,C:\level-2-ana\data\20260710\20260710\688028.SH\行情.csv,true,1790336,0.0,gb18030,true,4608,4608,ok,ok,use_raw
20260710,688096.SH,trade,C:\level-2-ana\data\20260710\20260710\688096.SH\逐笔成交.csv,true,1146749,0.0,gb18030,true,13462,13462,ok,ok,use_raw
20260710,688096.SH,order,C:\level-2-ana\data\20260710\20260710\688096.SH\逐笔委托.csv,true,1510943,0.0,gb18030,true,23171,23171,ok,ok,use_raw
20260710,688096.SH,quote,C:\level-2-ana\data\20260710\20260710\688096.SH\行情.csv,true,1500406,0.0,gb18030,true,4244,4244,ok,ok,use_raw
20260710,688126.SH,trade,C:\level-2-ana\data\20260710\20260710\688126.SH\逐笔成交.csv,true,20490819,0.0,gb18030,true,239590,239590,ok,ok,use_raw
20260710,688126.SH,order,C:\level-2-ana\data\20260710\20260710\688126.SH\逐笔委托.csv,true,25096316,0.0,gb18030,true,384850,384850,ok,ok,use_raw
20260710,688126.SH,quote,C:\level-2-ana\data\20260710\20260710\688126.SH\行情.csv,true,1956470,0.0,gb18030,true,5158,5158,ok,ok,use_raw
20260710,688137.SH,trade,C:\level-2-ana\data\20260710\20260710\688137.SH\逐笔成交.csv,true,359554,0.0,gb18030,true,4203,4203,ok,ok,use_raw
20260710,688137.SH,order,C:\level-2-ana\data\20260710\20260710\688137.SH\逐笔委托.csv,true,818311,0.0,gb18030,true,12690,12690,ok,ok,use_raw
20260710,688137.SH,quote,C:\level-2-ana\data\20260710\20260710\688137.SH\行情.csv,true,1031691,0.0,gb18030,true,2845,2845,ok,ok,use_raw
20260710,688358.SH,trade,C:\level-2-ana\data\20260710\20260710\688358.SH\逐笔成交.csv,true,403372,0.0,gb18030,true,4723,4723,ok,ok,use_raw
20260710,688358.SH,order,C:\level-2-ana\data\20260710\20260710\688358.SH\逐笔委托.csv,true,584976,0.0,gb18030,true,9096,9096,ok,ok,use_raw
20260710,688358.SH,quote,C:\level-2-ana\data\20260710\20260710\688358.SH\行情.csv,true,1110955,0.0,gb18030,true,3036,3036,ok,ok,use_raw
20260710,688516.SH,trade,C:\level-2-ana\data\20260710\20260710\688516.SH\逐笔成交.csv,true,3020946,0.0,gb18030,true,35219,35219,ok,ok,use_raw
20260710,688516.SH,order,C:\level-2-ana\data\20260710\20260710\688516.SH\逐笔委托.csv,true,6340384,0.0,gb18030,true,96709,96709,ok,ok,use_raw
20260710,688516.SH,quote,C:\level-2-ana\data\20260710\20260710\688516.SH\行情.csv,true,1786017,0.0,gb18030,true,4867,4867,ok,ok,use_raw
20260710,688521.SH,trade,C:\level-2-ana\data\20260710\20260710\688521.SH\逐笔成交.csv,true,9172816,0.0,gb18030,true,106215,106215,ok,ok,use_raw
20260710,688521.SH,order,C:\level-2-ana\data\20260710\20260710\688521.SH\逐笔委托.csv,true,17031969,0.0,gb18030,true,256849,256849,ok,ok,use_raw
20260710,688521.SH,quote,C:\level-2-ana\data\20260710\20260710\688521.SH\行情.csv,true,1969321,0.0,gb18030,true,5087,5087,ok,ok,use_raw
20260710,688560.SH,trade,C:\level-2-ana\data\20260710\20260710\688560.SH\逐笔成交.csv,true,658734,0.0,gb18030,true,7667,7667,ok,ok,use_raw
20260710,688560.SH,order,C:\level-2-ana\data\20260710\20260710\688560.SH\逐笔委托.csv,true,878865,0.0,gb18030,true,13404,13404,ok,ok,use_raw
20260710,688560.SH,quote,C:\level-2-ana\data\20260710\20260710\688560.SH\行情.csv,true,1383272,0.0,gb18030,true,3697,3697,ok,ok,use_raw
20260710,688573.SH,trade,C:\level-2-ana\data\20260710\20260710\688573.SH\逐笔成交.csv,true,330048,0.0,gb18030,true,3849,3849,ok,ok,use_raw
20260710,688573.SH,order,C:\level-2-ana\data\20260710\20260710\688573.SH\逐笔委托.csv,true,952151,0.0,gb18030,true,14393,14393,ok,ok,use_raw
20260710,688573.SH,quote,C:\level-2-ana\data\20260710\20260710\688573.SH\行情.csv,true,1236616,0.0,gb18030,true,3363,3363,ok,ok,use_raw
20260710,688582.SH,trade,C:\level-2-ana\data\20260710\20260710\688582.SH\逐笔成交.csv,true,2855256,0.0,gb18030,true,33422,33422,ok,ok,use_raw
20260710,688582.SH,order,C:\level-2-ana\data\20260710\20260710\688582.SH\逐笔委托.csv,true,5899508,0.0,gb18030,true,89885,89885,ok,ok,use_raw
20260710,688582.SH,quote,C:\level-2-ana\data\20260710\20260710\688582.SH\行情.csv,true,1804348,0.0,gb18030,true,4905,4905,ok,ok,use_raw
20260710,688592.SH,trade,C:\level-2-ana\data\20260710\20260710\688592.SH\逐笔成交.csv,true,497928,0.0,gb18030,true,5776,5776,ok,ok,use_raw
20260710,688592.SH,order,C:\level-2-ana\data\20260710\20260710\688592.SH\逐笔委托.csv,true,815487,0.0,gb18030,true,12194,12194,ok,ok,use_raw
20260710,688592.SH,quote,C:\level-2-ana\data\20260710\20260710\688592.SH\行情.csv,true,1183155,0.0,gb18030,true,3226,3226,ok,ok,use_raw
20260710,688613.SH,trade,C:\level-2-ana\data\20260710\20260710\688613.SH\逐笔成交.csv,true,769339,0.0,gb18030,true,8916,8916,ok,ok,use_raw
20260710,688613.SH,order,C:\level-2-ana\data\20260710\20260710\688613.SH\逐笔委托.csv,true,1056299,0.0,gb18030,true,16247,16247,ok,ok,use_raw
20260710,688613.SH,quote,C:\level-2-ana\data\20260710\20260710\688613.SH\行情.csv,true,1415020,0.0,gb18030,true,3818,3818,ok,ok,use_raw
20260710,688685.SH,trade,C:\level-2-ana\data\20260710\20260710\688685.SH\逐笔成交.csv,true,1332636,0.0,gb18030,true,15494,15494,ok,ok,use_raw
20260710,688685.SH,order,C:\level-2-ana\data\20260710\20260710\688685.SH\逐笔委托.csv,true,2142917,0.021356403444463785,gb18030,true,32023,32023,ok,ok,use_raw
20260710,688685.SH,quote,C:\level-2-ana\data\20260710\20260710\688685.SH\行情.csv,true,1665897,0.0,gb18030,true,4546,4546,ok,ok,use_raw
20260710,688687.SH,trade,C:\level-2-ana\data\20260710\20260710\688687.SH\逐笔成交.csv,true,554386,1.0,,false,0,0,null_filled,null_filled_raw_file,impute
20260710,688687.SH,order,C:\level-2-ana\data\20260710\20260710\688687.SH\逐笔委托.csv,true,843646,1.0,,false,0,0,null_filled,null_filled_raw_file,impute
20260710,688687.SH,quote,C:\level-2-ana\data\20260710\20260710\688687.SH\行情.csv,true,1185393,1.0,,false,0,0,null_filled,null_filled_raw_file,impute
20260710,688717.SH,trade,C:\level-2-ana\data\20260710\20260710\688717.SH\逐笔成交.csv,true,1333777,1.0,,false,0,0,null_filled,null_filled_raw_file,impute
20260710,688717.SH,order,C:\level-2-ana\data\20260710\20260710\688717.SH\逐笔委托.csv,true,2508860,1.0,,false,0,0,null_filled,null_filled_raw_file,impute
20260710,688717.SH,quote,C:\level-2-ana\data\20260710\20260710\688717.SH\行情.csv,true,1631613,1.0,,false,0,0,null_filled,null_filled_raw_file,impute
20260710,688819.SH,trade,C:\level-2-ana\data\20260710\20260710\688819.SH\逐笔成交.csv,true,661129,1.0,,false,0,0,null_filled,null_filled_raw_file,impute
20260710,688819.SH,order,C:\level-2-ana\data\20260710\20260710\688819.SH\逐笔委托.csv,true,1980888,1.0,,false,0,0,null_filled,null_filled_raw_file,impute
20260710,688819.SH,quote,C:\level-2-ana\data\20260710\20260710\688819.SH\行情.csv,true,1600810,1.0,,false,0,0,null_filled,null_filled_raw_file,impute
